{
  "dim": 2,
  "nextId": 5,
  "vectors": [
    {
      "id": 1,
      "metadata": {
        "name": "point_A"
      },
      "vec": [
        1.0,
        1.0
      ]
    },
    {
      "id": 2,
      "metadata": {
        "name": "point_B"
      },
      "vec": [
        1.100000023841858,
        1.2000000476837158
      ]
    },
    {
      "id": 3,
      "metadata": {
        "name": "point_C"
      },
      "vec": [
        5.0,
        5.0
      ]
    },
    {
      "id": 4,
      "metadata": {
        "name": "point_D"
      },
      "vec": [
        5.099999904632568,
        4.900000095367432
      ]
    }
  ]
}